(INNER) JOIN: Returns records that have matching values in both tables
LEFT (OUTER) JOIN: Return all records from the left table, and the matched records from the right table
RIGHT (OUTER) JOIN: Return all records from the right table, and the matched records from the left table
FULL (OUTER) JOIN: Return all records when there is a match in either left or right table

SELECT Orders.OrderID, Customers.CustomerName, Orders.OrderDate
FROM Orders
INNER JOIN Customers ON Orders.CustomerID=Customers.CustomerID;

SELECT Customers.CustomerName, Orders.OrderID
FROM Customers
LEFT JOIN Orders ON Customers.CustomerID = Orders.CustomerID
ORDER BY Customers.CustomerName;

SELECT Orders.OrderID, Employees.LastName, Employees.FirstName
FROM Orders
RIGHT JOIN Employees ON Orders.EmployeeID = Employees.EmployeeID
ORDER BY Orders.OrderID;

SELECT Customers.CustomerName, Orders.OrderID
FROM Customers
FULL OUTER JOIN Orders ON Customers.CustomerID=Orders.CustomerID
ORDER BY Customers.CustomerName;

### SQL statement matches customers that are from the same city. A self JOIN is a regular join, but the table is joined with itself.
SELECT A.CustomerName AS CustomerName1, B.CustomerName AS CustomerName2, A.City
FROM Customers A, Customers B
WHERE A.CustomerID <> B.CustomerID
AND A.City = B.City 
ORDER BY A.City;

Note:
A self join allows you to join a table to itself. It is useful for querying hierarchical data or comparing rows within the same table.

You use a self join when a table references data in itself.

Que: Difference between SQL Not Equal Operator <> and !=
Ans: We can use both SQL Not Equal operators <> and != to do inequality test between two expressions. Both operators give the same output. 
The only difference is that â€˜<>â€™ is in line with the ISO standard while â€˜!=â€™ does not follow ISO standard. 
You should use <> operator as it follows the ISO standard.


E.g., an Employee table may have a SupervisorID column that points to the employee that is the boss of the current employee.

To query the data and get information for both people in one row, you could self join like this:

select e1.EmployeeID, 
    e1.FirstName, 
    e1.LastName,
    e1.SupervisorID, 
    e2.FirstName as SupervisorFirstName, 
    e2.LastName as SupervisorLastName
from Employee e1
left outer join Employee e2 on e1.SupervisorID = e2.EmployeeID

Well, one classic example is where you wanted to get a list of employees and their immediate managers:

select e.employee as employee, b.employee as boss
from emptable e, emptable b
where e.manager_id = b.empolyee_id
order by 1

It's basically used where there is any relationship between rows stored in the same table.

employees.
multi-level marketing.
machine parts.


SELECT * FROM CUSTOMERS WHERE SALARY = 2000;		=> do not use ==; it's = here
SELECT * FROM CUSTOMERS WHERE SALARY != 2000;	and 	SELECT * FROM CUSTOMERS WHERE SALARY <> 2000;	returns same result
SELECT * FROM CUSTOMERS WHERE SALARY >= 6500;
select * from auth_user limit 10;	=> show first 10 records
select * from auth_user limit 10,10;	=> show next 10 records i.e. from 10 to next 10 records
or
select * from auth_user limit 10 offset 10;
select * from auth_user order by id desc limit 10;	=> show last 10 records
SELECT * FROM Customers ORDER BY Country DESC;     => sorted DESCENDING by the "Country" column
SELECT * FROM Customers ORDER BY Country ASC, CustomerName DESC; => sorted DESCENDING by the "Country" and ASCENDING by CustomerName
INSERT INTO Customers (CustomerName, City, Country) VALUES ('Cardinal', 'Stavanger', 'Norway');
UPDATE Customers SET ContactName='Juan' WHERE Country='Mexico';
DELETE FROM Customers WHERE CustomerName='Alfreds Futterkiste'; => deletes the customer "Alfreds Futterkiste" from the "Customers" table
DELETE FROM Customers; => deletes all rows in the "Customers" table, without deleting the table

############## selects the first three records from the "Customers" table ##################
SELECT TOP 3 * FROM Customers;
SELECT * FROM Customers LIMIT 3;
SELECT * FROM Customers WHERE ROWNUM <= 3;
##################### the above three are the same ##########################################
SELECT TOP 50 PERCENT * FROM Customers; => selects the first 50% of the records from the "Customers" table
SELECT MIN(Price) AS SmallestPrice FROM Products;         => finds the price of the cheapest product
SELECT MAX(Price) AS LargestPrice FROM Products;          => finds the price of the most expensive product

SELECT COUNT(ProductID) FROM Products;   =>   finds the number of products
SELECT AVG(Price) FROM Products;         =>   finds the average price of all products
SELECT SUM(Quantity) FROM OrderDetails;  =>   finds the sum of the "Quantity" fields in the "OrderDetails" table

# The GROUP BY statement is often used with aggregate functions (COUNT, MAX, MIN, SUM, AVG) to group the result-set by one or more columns.
# The following SQL statement lists the number of customers in each country:
SELECT COUNT(CustomerID), Country FROM Customers GROUP BY Country;         # See below for better understanding

# % - The percent sign represents zero, one, or multiple characters
# _ - The underscore represents a single character

SELECT * FROM Customers WHERE CustomerName LIKE 'a%'	   => Finds any values that start with "a"
SELECT * FROM Customers WHERE CustomerName LIKE '%a'	   => Finds any values that end with "a"
SELECT * FROM Customers WHERE CustomerName LIKE '%es%'	 => Finds any values that have "es" in any position
SELECT * FROM Customers WHERE CustomerName LIKE '_r%'	  =>Finds any values that have "r" in the second position
SELECT * FROM Customers WHERE CustomerName LIKE 'a_%_%'	=>Finds any values that start with "a" and are at least 3 characters in length
SELECT * FROM Customers WHERE ContactName LIKE 'a%o'	   => Finds any values that start with "a" and ends with "o"
SELECT * FROM Customers WHERE City LIKE '[bsp]%';       => selects all customers with a City starting with "b", "s", or "p"
SELECT * FROM Customers WHERE City LIKE '[a-c]%';       => selects all customers with a City starting with "a", "b", or "c"
SELECT * FROM Customers WHERE City LIKE '[!bsp]%';      =>  select all customers with a City NOT starting with "b", "s", or "p"
SELECT * FROM Customers WHERE City NOT LIKE '[bsp]%';   => City NOT starting with "b", "s", or "p"

SELECT * FROM Customers WHERE Country NOT IN ('Germany', 'France', 'UK'); => selects all customers that are NOT located in "Germany", "France" or "UK"
SELECT * FROM Customers WHERE Country IN (SELECT Country FROM Suppliers);

SELECT * FROM Products WHERE Price BETWEEN 10 AND 20;
SELECT * FROM Products WHERE Price NOT BETWEEN 10 AND 20;

# selects all products with a ProductName BETWEEN 'Carnarvon Tigers' and 'Mozzarella di Giovanni'
SELECT * FROM Products WHERE ProductName BETWEEN 'Carnarvon Tigers' AND 'Mozzarella di Giovanni' ORDER BY ProductName;

# The HAVING clause was added to SQL because the WHERE keyword could not be used with aggregate functions.
# The following SQL statement lists the number of customers in each country. Only include countries with more than 5 customers:
SELECT COUNT(CustomerID), Country FROM Customers GROUP BY Country HAVING COUNT(CustomerID) > 5;

# The EXISTS operator is used to test for the existence of any record in a subquery.
# The EXISTS operator returns true if the subquery returns one or more records.
# The following SQL statement returns TRUE and lists the suppliers with a product price less than 20;
SELECT SupplierName
FROM Suppliers
WHERE EXISTS (SELECT ProductName FROM Products WHERE SupplierId = Suppliers.supplierId AND Price < 20);

# The ANY and ALL operators are used with a WHERE or HAVING clause.
# The ANY operator returns true if any of the subquery values meet the condition.
# The ALL operator returns true if all of the subquery values meet the condition.
# Note: The operator must be a standard comparison operator (=, <>, !=, >, >=, <, or <=).
SELECT ProductName
FROM Products
WHERE ProductID = ANY (SELECT ProductID FROM OrderDetails WHERE Quantity > 99);

SELECT ProductName
FROM Products
WHERE ProductID = ALL (SELECT ProductID FROM OrderDetails WHERE Quantity = 10);

# The SELECT INTO statement copies data from one table into a new table.
SELECT CustomerName, ContactName INTO CustomersBackup2017 FROM Customers;
SELECT * INTO CustomersGermany FROM Customers WHERE Country = 'Germany';

# Tip: SELECT INTO can also be used to create a new, empty table using the schema of another. Just add a WHERE clause that causes the query to return no data:
SELECT * INTO newtable FROM oldtable WHERE 1 = 0;

# The INSERT INTO SELECT statement copies data from one table and inserts it into another table.
# INSERT INTO SELECT requires that data types in source and target tables match.
# The existing records in the target table are unaffected.
# The following SQL statement copies "Suppliers" into "Customers" (the columns that are not filled with data, will contain NULL):

INSERT INTO Customers (CustomerName, City, Country)
SELECT SupplierName, City, Country FROM Suppliers;

# The CASE statement goes through conditions and return a value when the first condition is met 
# (like an IF-THEN-ELSE statement). So, once a condition is true, it will stop reading and return the result. 
# If no conditions are true, it returns the value in the ELSE clause.
SELECT OrderID, Quantity,
CASE
    WHEN Quantity > 30 THEN "The quantity is greater than 30"
    WHEN Quantity = 30 THEN "The quantity is 30"
    ELSE "The quantity is under 30"
END AS QuantityText
FROM OrderDetails;

If there is no ELSE part and no conditions are true, it returns NULL.
############## selects all orders with an OrderDate BETWEEN '01-July-1996' and '31-July-1996' ##############
SELECT * FROM Orders WHERE OrderDate BETWEEN #01/07/1996# AND #31/07/1996#;
SELECT * FROM Orders WHERE OrderDate BETWEEN '1996-07-01' AND '1996-07-31';
############## both of the above are same #######################

SELECT CustomerID AS ID, CustomerName AS Customer FROM Customers;                   => creating alias
SELECT CustomerName AS Customer, ContactName AS [Contact Person] FROM Customers;    => creates two aliases
SELECT CustomerName, CONCAT(Address,', ',PostalCode,', ',City,', ',Country) AS Address FROM Customers; => combine four columns


SELECT DISTINCT Country FROM Customers;            => selects only the DISTINCT values
SELECT * FROM Customers WHERE Country='Germany' AND City='Berlin';
SELECT * FROM Customers WHERE Country='Germany' OR City='Berlin';
SELECT CustomerName, ContactName, Address FROM Customers WHERE Address IS NOT NULL;

# SQL statement returns the cities (only distinct values) from both the "Customers" and the "Suppliers" table
SELECT City FROM Customers 
UNION
SELECT City FROM Suppliers
ORDER BY City;

# returns the cities (duplicate values also) from both the "Customers" and the "Suppliers" table
SELECT City FROM Customers
UNION ALL
SELECT City FROM Suppliers
ORDER BY City;

# SQL IFNULL(), ISNULL(), COALESCE(), and NVL() Functions
Look at the following "Products" table:

P_Id	   ProductName	   UnitPrice	   UnitsInStock	   UnitsOnOrder
====    ===========    =========    ============    ============
1	       Jarlsberg	     10.45	       16	             15
2	       Mascarpone	    32.56	       23	 
3	       Gorgonzola	    15.67	       9	              20

# Suppose that the "UnitsOnOrder" column is optional, and may contain NULL values.
# Look at the following SELECT statement:

SELECT ProductName, UnitPrice * (UnitsInStock + UnitsOnOrder)
FROM Products;

# In the example above, if any of the "UnitsOnOrder" values are NULL, the result will be NULL.
# The MySQL IFNULL() function lets you return an alternative value if an expression is NULL:

SELECT ProductName, UnitPrice * (UnitsInStock + IFNULL(UnitsOnOrder, 0))
FROM Products

# or we can use the COALESCE() function, like this:

SELECT ProductName, UnitPrice * (UnitsInStock + COALESCE(UnitsOnOrder, 0))
FROM Products

# Single Line Comments start with --
--SELECT * FROM Customers;
SELECT * FROM Products;
SELECT * FROM Customers -- WHERE City='Berlin';

# Multi-line comments start with /* and end with */.
/*Select all the columns
of all the records
in the Customers table:*/
SELECT * FROM Customers;

SELECT `gender` FROM `members` ;
gender
======
Female
Female
Male
Female
Male
Male
Male
Male
Male

Suppose we want to get the unique values for genders. We can use a following query -

SELECT `gender` FROM `members` GROUP BY `gender`;
gender
======
Female
Male

SELECT `gender`,COUNT(`membership_number`)  FROM `members` GROUP BY `gender`;
gender      COUNT('membership_number')
======      ==========================
Female	      3
Male	        5

CREATE DATABASE testDB;
DROP DATABASE testDB;
BACKUP DATABASE testDB TO DISK = 'D:\backups\testDB.bak';   # creates a full back up of the existing database "testDB" to the D disk

# The following SQL statement creates a differential back up of the database "testDB". 
# A differential back up reduces the back up time (since only the changes are backed up).
BACKUP DATABASE testDB TO DISK = 'D:\backups\testDB.bak' WITH DIFFERENTIAL;

CREATE TABLE Persons (
    PersonID int,
    LastName varchar(255),
    FirstName varchar(255),
    Address varchar(255),
    City varchar(255) 
);

DROP TABLE Shippers;

# The ALTER TABLE statement is used to add, delete, or modify columns in an existing table.
ALTER TABLE Customers ADD Email varchar(255);
ALTER TABLE Persons ADD DateOfBirth date;
ALTER TABLE Customers DROP COLUMN Email;
ALTER TABLE table_name MODIFY column_name datatype;

# SQL constraints are used to specify rules for data in a table.
The following constraints are commonly used in SQL:

NOT NULL - Ensures that a column cannot have a NULL value
UNIQUE - Ensures that all values in a column are different
PRIMARY KEY - A combination of a NOT NULL and UNIQUE. Uniquely identifies each row in a table
FOREIGN KEY - Uniquely identifies a row/record in another table
CHECK - Ensures that all values in a column satisfies a specific condition
DEFAULT - Sets a default value for a column when no value is specified
INDEX - Used to create and retrieve data from the database very quickly

ALTER TABLE Persons MODIFY Age int NOT NULL;

# The UNIQUE constraint ensures that all values in a column are different.
# Both the UNIQUE and PRIMARY KEY constraints provide a guarantee for uniqueness for a column or set of columns.
# A PRIMARY KEY constraint automatically has a UNIQUE constraint.
# However, you can have many UNIQUE constraints per table, but only one PRIMARY KEY constraint per table.

CREATE TABLE Persons (
    ID int NOT NULL,
    LastName varchar(255) NOT NULL,
    FirstName varchar(255),
    Age int,
    UNIQUE (ID)
);

# Primary keys must contain UNIQUE values, and cannot contain NULL values.
# A table can have only one primary key, which may consist of single or multiple fields.

CREATE TABLE Persons (
    ID int NOT NULL,
    LastName varchar(255) NOT NULL,
    FirstName varchar(255),
    Age int,
    PRIMARY KEY (ID)
);

# you can have many UNIQUE constraints per table, but only one PRIMARY KEY constraint per table.
CREATE TABLE Persons (
    ID int NOT NULL,
    LastName varchar(255) NOT NULL,
    FirstName varchar(255),
    Age int,
    CONSTRAINT PK_Person PRIMARY KEY (ID,LastName)
);

# A FOREIGN KEY is a key used to link two tables together.
# A FOREIGN KEY is a field (or collection of fields) in one table that refers to the PRIMARY KEY in another table.
# The table containing the foreign key is called the child table, and the table containing the candidate key is called the referenced or parent table.

CREATE TABLE Orders (
    OrderID int NOT NULL,
    OrderNumber int NOT NULL,
    PersonID int,
    PRIMARY KEY (OrderID),
    FOREIGN KEY (PersonID) REFERENCES Persons(PersonID)
);

# The CHECK constraint is used to limit the value range that can be placed in a column.
# If you define a CHECK constraint on a single column it allows only certain values for this column.
# If you define a CHECK constraint on a table it can limit the values in certain columns based on values in other columns in the row.
# The following SQL creates a CHECK constraint on the "Age" column when the "Persons" table is created. The CHECK constraint ensures that you can not have any person below 18 years:

CREATE TABLE Persons (
    ID int NOT NULL,
    LastName varchar(255) NOT NULL,
    FirstName varchar(255),
    Age int,
    CHECK (Age>=18)
);

# The DEFAULT constraint is used to provide a default value for a column.
# The following SQL sets a DEFAULT value for the "City" column when the "Persons" table is created:
CREATE TABLE Persons (
    ID int NOT NULL,
    LastName varchar(255) NOT NULL,
    FirstName varchar(255),
    Age int,
    City varchar(255) DEFAULT 'Sandnes'
);
ALTER TABLE Persons ALTER City SET DEFAULT 'Sandnes';

# The CREATE INDEX statement is used to create indexes in tables.
# Indexes are used to retrieve data from the database very fast. The users cannot see the indexes, 
# they are just used to speed up searches/queries.
# Note: Updating a table with indexes takes more time than updating a table without (because the indexes also need an update).
# So, only create indexes on columns that will be frequently searched against.
CREATE INDEX idx_lastname ON Persons (LastName);

# Auto-increment allows a unique number to be generated automatically when a new record is inserted into a table.
# Often this is the primary key field that we would like to be created automatically every time a new record is inserted.

CREATE TABLE Persons (
    ID int NOT NULL AUTO_INCREMENT,
    LastName varchar(255) NOT NULL,
    FirstName varchar(255),
    Age int,
    PRIMARY KEY (ID)
);

# By default, the starting value for AUTO_INCREMENT is 1, and it will increment by 1 for each new record.
# To let the AUTO_INCREMENT sequence start with another value, use the following SQL statement:
ALTER TABLE Persons AUTO_INCREMENT=100;

# DATE - format YYYY-MM-DD
# DATETIME - format: YYYY-MM-DD HH:MI:SS
# TIMESTAMP - format: YYYY-MM-DD HH:MI:SS
# YEAR - format YYYY or YY
SELECT * FROM Orders WHERE OrderDate='2008-11-11'

# In SQL, a view is a virtual table based on the result-set of an SQL statement.
# A view contains rows and columns, just like a real table. The fields in a view are fields from one or more real tables in the database.
# You can add SQL functions, WHERE, and JOIN statements to a view and present the data as if the data were coming from one single table.
CREATE VIEW [Brazil Customers] AS
SELECT CustomerName, ContactName
FROM Customers
WHERE Country = "Brazil";

SELECT * FROM [Brazil Customers];

# A view can be updated with the CREATE OR REPLACE VIEW command.
CREATE OR REPLACE VIEW [Brazil Customers] AS
SELECT CustomerName, ContactName, City
FROM Customers
WHERE Country = "Brazil";

DROP VIEW [Brazil Customers];

Read more on https://www.w3schools.com/sql/sql_injection.asp

DDL(Data Definition Language) statements are used to define the database structure or schema. Some examples:
o	CREATE - to create objects in the database
o	ALTER - alters the structure of the database
o	DROP - delete objects from the database
o	TRUNCATE - remove all records from a table, including all spaces allocated for the records are removed
o	COMMENT - add comments to the data dictionary
o	RENAME - rename an object
DML(Data Manipulation Language) statements are used for managing data within schema objects. Some examples:
o	SELECT - retrieve data from the a database
o	INSERT - insert data into a table
o	UPDATE - updates existing data within a table
o	DELETE - deletes all records from a table, the space for the records remain
o	MERGE - UPSERT operation (insert or update)
o	CALL - call a PL/SQL or Java subprogram
o	EXPLAIN PLAN - explain access path to data
o	LOCK TABLE - control concurrency
DCL(Data Control Language) statements. Some examples:
o	GRANT - gives user's access privileges to database
o	REVOKE - withdraw access privileges given with the GRANT command
TCL(Transaction Control) statements are used to manage the changes made by DML statements. It allows statements to be grouped together into logical transactions.
o	COMMIT - save work done
o	SAVEPOINT - identify a point in a transaction to which you can later roll back
o	ROLLBACK - restore database to original since the last COMMIT
SET TRANSACTION - Change transaction options like isolation level and what rollback segment to use

Show tables which are not empty: SHOW TABLE STATUS WHERE Rows > 0;
Truncate all tables in a database:
mysql -u root -proot123 -Nse 'show tables' DATABASE_NAME | while read table; do mysql -u root -proot123 -e "truncate table $table" DATABASE_NAME; done
e.g.
mysql -u root -proot123 -Nse 'show tables' XE | while read table; do mysql -u root -proot123 -e "truncate table $table" XE; done

Bash script:
mysql -u root -proot123 -Nse 'show tables' XE | while read table; do mysql -u root -proot123 -e "truncate table $table" XE; done
if [ $? = 0 ]; then
echo "SUCCESS. All tables are truncated."
Fi


select concat('rename table ', table_name, ' to ' , lower(table_name) , ';') from information_schema.tables;
SQL CREATE INDEX Statement
The CREATE INDEX statement is used to create indexes in tables.
Indexes are used to retrieve data from the database very fast. The users cannot see the indexes, they are just used to speed up searches/queries.
Note: Updating a table with indexes takes more time than updating a table without (because the indexes also need an update). So, only create indexes on columns that will be frequently searched against.
CREATE INDEX Syntax
Creates an index on a table. Duplicate values are allowed:
CREATE INDEX index_name
ON table_name (column1, column2, ...); 
CREATE UNIQUE INDEX Syntax
Creates a unique index on a table. Duplicate values are not allowed:
CREATE UNIQUE INDEX index_name
ON table_name (column1, column2, ...); 
Note: The syntax for creating indexes varies among different databases. Therefore: Check the syntax for creating indexes in your database.
________________________________________
CREATE INDEX Example
The SQL statement below creates an index named "idx_lastname" on the "LastName" column in the "Persons" table:
CREATE INDEX idx_lastname
ON Persons (LastName); 
If you want to create an index on a combination of columns, you can list the column names within the parentheses, separated by commas:
CREATE INDEX idx_pname
ON Persons (LastName, FirstName); 
________________________________________
DROP INDEX Statement
The DROP INDEX statement is used to delete an index in a table.
MS Access:
DROP INDEX index_name ON table_name; 
SQL Server:
DROP INDEX table_name.index_name; 
DB2/Oracle:
DROP INDEX index_name; 
MySQL:
ALTER TABLE table_name
DROP INDEX index_name; 

MySQL does not support sequences like CREATE SEQUENCE in ORACLE. The simplest way in MySQL to use Sequences is to define a column as AUTO_INCREMENT and leave the remaining things to MySQL to take care.
e.g. 
CREATE TABLE ORD (
  ORDID INT NOT NULL AUTO_INCREMENT,
  //Rest of table code
  PRIMARY KEY (ordid)
) AUTO_INCREMENT = 622;

OR you can use it later by altering the table like below.
ALTER TABLE ORD AUTO_INCREMENT = 622;
mysqldump -u [username] â€“p[password] [database_name] > [dumpfilename.sql]

 
INNER JOIN gets all records that are common between both tables
LEFT JOIN gets all records from the LEFT linked table but if you have selected some columns from the RIGHT table, if there is no related records, these columns will contain NULL
RIGHT JOIN is like the above but gets all records in the RIGHT table
FULL JOIN gets all records from both tables and puts NULL in the columns where related records do not exist in the opposite table
SELF JOIN: is used to join a table to itself as if the table were two tables, temporarily renaming at least one table in the SQL statement.
CARTESIAN JOIN: returns the Cartesian product of the sets of records from the two or more joined tables.
We have two tables with the following values.
TableA
id  firstName                  lastName
.......................................
1   arun                        prasanth                 
2   ann                         antony                   
3   sruthy                      abc                      
6   new                         abc                                           

TableB
id2 age Place
................
1   24  kerala
2   24  usa
3   25  ekm
5   24  chennai
....................................................................
INNER JOIN
Note :it gives the intersection of the two tables, i.e. rows they have common in TableA and TableB
Syntax
SELECT table1.column1, table2.column2...
FROM table1
INNER JOIN table2
ON table1.common_field = table2.common_field;

Apply it in our sample table: 
SELECT TableA.firstName,TableA.lastName,TableB.age,TableB.Place
FROM TableA
INNER JOIN TableB
ON TableA.id = TableB.id2;

Result Will Be 
firstName       lastName       age  Place
..............................................
arun            prasanth        24  kerala
ann             antony          24  usa	
sruthy          abc             25  ekm

LEFT JOIN
Note : will give all selected rows in TableA, plus any common selected rows in TableB. 
* Not all rows from TableB

Syntax 
SELECT table1.column1, table2.column2...
FROM table1
LEFT JOIN table2
ON table1.common_field = table2.common_field;

Apply it in our sample table :
SELECT TableA.firstName,TableA.lastName,TableB.age,TableB.Place
FROM TableA
LEFT JOIN TableB
ON TableA.id = TableB.id2;

Result
firstName                   lastName                    age   Place
...............................................................................
arun                        prasanth                    24    kerala
ann                         antony                      24    usa
sruthy                      abc                         25    ekm
new                         abc                         NULL  NULL

RIGHT JOIN
Note: will give all selected rows in TableB, plus any common selected rows in TableA. 
* Not all rows from TableA

Syntax 
SELECT table1.column1, table2.column2...
FROM table1
RIGHT JOIN table2
ON table1.common_field = table2.common_field;

Apply it in our sample table :
SELECT TableA.firstName,TableA.lastName,TableB.age,TableB.Place
FROM TableA
RIGHT JOIN TableB
ON TableA.id = TableB.id2;

Result 
firstName                   lastName                    age     Place
...............................................................................
arun                        prasanth                    24     kerala
ann                         antony                      24     usa
sruthy                      abc                         25     ekm
NULL                        NULL                        24     chennai


FULL JOIN
Note : It is same as union operation, it will return all selected values from both tables.
Syntax 
SELECT table1.column1, table2.column2...
FROM table1
FULL JOIN table2
ON table1.common_field = table2.common_field;

Apply it in our sample table :
SELECT TableA.firstName,TableA.lastName,TableB.age,TableB.Place
FROM TableA
FULL JOIN TableB
ON TableA.id = TableB.id2;

Result 
firstName                   lastName                    age    Place
...............................................................................
arun                        prasanth                    24    kerala
ann                         antony                      24    usa
sruthy                      abc                         25    ekm
new                         abc                         NULL  NULL
NULL                        NULL                        24    chennai

Note: For INNER joins the order doesn't matter
For (LEFT, RIGHT or FULL) OUTER joins,the order matter
Ref: https://stackoverflow.com/questions/5706437/whats-the-difference-between-inner-join-left-join-right-join-and-full-join
Difference between view and stored procedures and Triggers:
======================================
What is a Stored Procedure?
A stored procedure is a prepared SQL code that you can save, so the code can be reused over and over again.
So if you have an SQL query that you write over and over again, save it as a stored procedure, and then just 
call it to execute it.

You can also pass parameters to a stored procedure, so that the stored procedure can act based on the parameter value(s) 
that is passed.

CREATE PROCEDURE procedure_name
AS
sql_statement
GO;

Execute a Stored Procedure:
---------------------------
EXEC procedure_name;

Example
CREATE PROCEDURE SelectAllCustomers
AS
SELECT * FROM Customers
GO;

# Execute the stored procedure above as follows:
EXEC SelectAllCustomers;

# Stored Procedure With One Parameter
# The following SQL statement creates a stored procedure that selects Customers from a particular City from 
# the "Customers" table:

Example
CREATE PROCEDURE SelectAllCustomers @City nvarchar(30)
AS
SELECT * FROM Customers WHERE City = @City
GO;

# Execute the stored procedure above as follows:
EXEC SelectAllCustomers City = "London";

# Stored Procedure With Multiple Parameters
# Setting up multiple parameters is very easy. Just list each parameter and the data type separated by a comma as shown below.
# The following SQL statement creates a stored procedure that selects Customers from a particular City with a particular 
# PostalCode from the "Customers" table:

Example
CREATE PROCEDURE SelectAllCustomers @City nvarchar(30), @PostalCode nvarchar(10)
AS
SELECT * FROM Customers WHERE City = @City AND PostalCode = @PostalCode
GO;

# Execute the stored procedure above as follows:
EXEC SelectAllCustomers City = "London", PostalCode = "WA1 1DP";
======================================

Stored Procedure
â€¢	Stored Procedure can have multiple select statement
â€¢	Stored Procedure exists in database
â€¢	Stored procedure return predefined result
â€¢	Stored Procedure does data modification
â€¢	Accept parameters. Itâ€™s a collection of pre-executed sql Statements where you can send the parameters as input and retrieve the output data.
â€¢	
â€¢	can NOT be used as building block in a larger query 
â€¢	can contain several statements, loops, IF ELSE, etc. 
â€¢	can perform modifications to one or several tables 
â€¢	can NOT be used as the target of an INSERT, UPDATE or DELETE statement. 


View
â€¢	View can have only one select statement
â€¢	View are like virtual tables and does not exists in database
â€¢	Views can return different result based on where condition
â€¢	View cannot modify data and DML is forbidden when you define the view
â€¢	Doesnâ€™t accept parameter
â€¢	can be used as building block in a larger query 
â€¢	can contain only one single SELECT query 
â€¢	can NOT perform modifications to any table 
â€¢	
but can (sometimes) be used as the target of an INSERT, UPDATE or DELETE statement.

Also Views shouldn't contain any "order by" or "top" clauses
Summary: Stored procedures are best used for INSERT-UPDATE-DELETE statements. and Views are used for SELECT statements.

A View will create itself in Memory, and depending on the type of Joins, Data and if there is any aggregation done, it could be a quite memory hungry View.
Stored procedures do all their processing either using Temp Hash Table e.g #tmpTable1 or in memory using @tmpTable1. Depending on what you want to tell it to do.
A Stored Procedure is like a Function, but is called Directly by its name. instead of Functions which are actually used inside a query itself.
Obviously most of the time Memory tables are faster, if you are not retrieveing alot of data.

Views can be used in the Stored Procedure but the Stored Procedure cannot be used in Views...!
Stored procedure will accept input parameters so that a single procedure can be used over the network by several clients using different input data. Stored procedure will reduce network traffic and increase the performance. If we modify stored procedure all the clients will get the updated stored procedure.

CREATE View vw_user_profile AS 
Select A.user_id, B.profile_description
FROM tbl_user A left join tbl_profile B on A.user_id = b.user_id

mysql> drop PROCEDURE auth_user_proc;
mysql> DELIMITER //
CREATE PROCEDURE auth_user_proc
(IN con CHAR(20))
BEGIN
SELECT last_login, username FROM auth_user
WHERE username = con;
END //
DELIMITER ;
mysql> CALL auth_user_proc('ldapuser1');
+---------------------+-----------+
| last_login          | username  |
+---------------------+-----------+
| 2017-07-20 13:36:26 | ldapuser1 |
+---------------------+-----------+
1 row in set (0.00 sec)

Query OK, 0 rows affected (0.00 sec)
PL/SQL Triggers:
A trigger is a special kind of stored procedure that automatically executes when an event occurs in the database server. DML triggers execute when a user tries to modify data through a data manipulation language DML event(DML events are INSERT, UPDATE, or DELETE statements on a table or view). 

DDL triggers execute in response to a variety of data definition language DDL events (e.g. Transact-SQL CREATE, ALTER, and DROP statements, and certain system stored procedures that perform DDL-like operations). 

Benefits of Triggers
â€¢	Generating some derived column values automatically
â€¢	Enforcing referential integrity
â€¢	Event logging and storing information on table access
â€¢	Auditing
â€¢	Synchronous replication of tables
â€¢	Imposing security authorizations
â€¢	Preventing invalid transactions
Creating Triggers
The syntax for creating a trigger is âˆ’
CREATE [OR REPLACE ] TRIGGER trigger_name  
{BEFORE | AFTER | INSTEAD OF }  
{INSERT [OR] | UPDATE [OR] | DELETE}  
[OF col_name]  
ON table_name  
[REFERENCING OLD AS o NEW AS n]  
[FOR EACH ROW]  
WHEN (condition)   
DECLARE 
   Declaration-statements 
BEGIN  
   Executable-statements 
EXCEPTION 
   Exception-handling-statements 
END; 
Example
To start with, we will be using the CUSTOMERS table we had created and used in the previous chapters âˆ’
Select * from customers;  

+----+----------+-----+-----------+----------+ 
| ID | NAME     | AGE | ADDRESS   | SALARY   | 
+----+----------+-----+-----------+----------+ 
|  1 | Ramesh   |  32 | Ahmedabad |  2000.00 | 
|  2 | Khilan   |  25 | Delhi     |  1500.00 | 
|  3 | kaushik  |  23 | Kota      |  2000.00 | 
|  4 | Chaitali |  25 | Mumbai    |  6500.00 | 
|  5 | Hardik   |  27 | Bhopal    |  8500.00 | 
|  6 | Komal    |  22 | MP        |  4500.00 | 
+----+----------+-----+-----------+----------+ 
The following program creates a row-level trigger for the customers table that would fire for INSERT or UPDATE or DELETE operations performed on the CUSTOMERS table. This trigger will display the salary difference between the old values and new values âˆ’
CREATE OR REPLACE TRIGGER display_salary_changes 
BEFORE DELETE OR INSERT OR UPDATE ON customers 
FOR EACH ROW 
WHEN (NEW.ID > 0) 
DECLARE 
   sal_diff number; 
BEGIN 
   sal_diff := :NEW.salary  - :OLD.salary; 
   dbms_output.put_line('Old salary: ' || :OLD.salary); 
   dbms_output.put_line('New salary: ' || :NEW.salary); 
   dbms_output.put_line('Salary difference: ' || sal_diff); 
END; 
/ 
When the above code is executed at the SQL prompt, it produces the following result âˆ’
Trigger created.
The following points need to be considered here âˆ’
â€¢	OLD and NEW references are not available for table-level triggers, rather you can use them for record-level triggers.
â€¢	If you want to query the table in the same trigger, then you should use the AFTER keyword, because triggers can query the table or change it again only after the initial changes are applied and the table is back in a consistent state.
â€¢	The above trigger has been written in such a way that it will fire before any DELETE or INSERT or UPDATE operation on the table, but you can write your trigger on a single or multiple operations, for example BEFORE DELETE, which will fire whenever a record will be deleted using the DELETE operation on the table.
Triggering a Trigger
Let us perform some DML operations on the CUSTOMERS table. Here is one INSERT statement, which will create a new record in the table âˆ’
INSERT INTO CUSTOMERS (ID,NAME,AGE,ADDRESS,SALARY) 
VALUES (7, 'Kriti', 22, 'HP', 7500.00 ); 
When a record is created in the CUSTOMERS table, the above create trigger, display_salary_changes will be fired and it will display the following result âˆ’
Old salary: 
New salary: 7500 
Salary difference:
Because this is a new record, old salary is not available and the above result comes as null. Let us now perform one more DML operation on the CUSTOMERS table. The UPDATE statement will update an existing record in the table âˆ’
UPDATE customers 
SET salary = salary + 500 
WHERE id = 2; 
When a record is updated in the CUSTOMERS table, the above create trigger, display_salary_changes will be fired and it will display the following result âˆ’
Old salary: 1500 
New salary: 2000 
Salary difference: 500 

http://www.joinfu.com/2005/12/managing-many-to-many-relationships-in-mysql-part-1/
https://dba.stackexchange.com/questions/10199/how-should-i-design-a-relationship-table-for-friendship
http://etutorials.org/Programming/PHP+MYSQL.+Programming+for+beginners/Chapter+9+Data+Normalization/Building+a+Link+Table+for+Many-Many+Relationships/
https://www.ntu.edu.sg/home/ehchua/programming/sql/Relational_Database_Design.html
https://stackoverflow.com/questions/19714308/mysql-how-to-insert-into-table-that-has-many-to-many-relationship


Knowing database name
mysql> use XE;
Database changed
mysql> select database();
+------------+
| database() |
+------------+
| XE         |
+------------+
1 row in set (0.00 sec)
Group By:
Group by is often used with aggregate functions( COUNT, MAX, MIN, SUM, AVG) to group the result set by one or more columns.
e.g.
SELECT COUNT (CustomerID), Country
FROM Customers
GROUP BY Country;
ACID Properties
A transaction is a very small unit of a program and it may contain several low-level tasks. A transaction in a database system must maintain Atomicity, Consistency, Isolation, and Durability âˆ’ commonly known as ACID properties âˆ’ in order to ensure accuracy, completeness, and data integrity.
â€¢	Atomicity âˆ’ This property states that a transaction must be treated as an atomic unit, that is, either all of its operations are executed or none. There must be no state in a database where a transaction is left partially completed. States should be defined either before the execution of the transaction or after the execution/abortion/failure of the transaction.
â€¢	Consistency âˆ’ The database must remain in a consistent state after any transaction. No transaction should have any adverse effect on the data residing in the database. If the database was in a consistent state before the execution of a transaction, it must remain consistent after the execution of the transaction as well.
â€¢	Isolation âˆ’ In a database system where more than one transaction are being executed simultaneously and in parallel, the property of isolation states that all the transactions will be carried out and executed as if it is the only transaction in the system. No transaction will affect the existence of any other transaction.
â€¢	Durability âˆ’ The database should be durable enough to hold all its latest updates even if the system fails or restarts. If a transaction updates a chunk of data in a database and commits, then the database will hold the modified data. If a transaction commits but the system fails before the data could be written on to the disk, then that data will be updated once the system springs back into action.
Note: 
Horizontal scaling means that you scale by adding more machines into your pool of resources whereas Vertical scaling means that you scale by adding more power (CPU, RAM) to an existing machine.
Following is a list of differences between SQL and NoSQL database:
Index 	SQL	NoSQL
1)	Databases are categorized as Relational Database Management System (RDBMS).	NoSQL databases are categorized as Non-relational or distributed database system.
2)	SQL databases have fixed or static or predefined schema.	NoSQL databases have dynamic schema.
3)	SQL databases display data in form of tables so it is known as table-based database.	NoSQL databases display data as collection of key-value pair, documents, graph databases or wide-column stores.
4)	SQL databases are vertically scalable.	NoSQL databases are horizontally scalable.
5)	SQL databases use a powerful language "Structured Query Language" to define and manipulate the data.	In NoSQL databases, collection of documents are used to query the data. It is also called unstructured query language. It varies from database to database.
6)	SQL databases are best suited for complex queries.	NoSQL databases are not so good for complex queries because these are not as powerful as SQL queries.
7)	SQL databases are not best suited for hierarchical data storage.	NoSQL databases are best suited for hierarchical data storage.
8)	MySQL, Oracle, Sqlite, PostgreSQL and MS-SQL etc. are the example of SQL database.	MongoDB, BigTable, Redis, RavenDB, Cassandra, Hbase, Neo4j, CouchDB etc. are the example of nosql database

SQL vs NoSQL CRUD Syntax
Creating, reading updating and deleting data is the basis of all database systems. In essence â€”
â€¢	SQL is a lightweight declarative language. Itâ€™s deceptively powerful, and has become an international standard, although most systems implement subtly different syntaxes.
â€¢	NoSQL databases use JavaScripty-looking queries with JSON-like arguments! Basic operations are simple, but nested JSON can become increasingly convoluted for more complex queries.
A quick comparison:
SQL	NoSQL
insert a new book record
INSERT INTO book (
  `ISBN`, `title`, `author`
)
VALUES (
  '9780992461256', 
  'Full Stack JavaScript', 
  'Colin Ihrig & Adam Bretz'
);	db.book.insert({
  ISBN: "9780992461256",
  title: "Full Stack JavaScript",
  author: "Colin Ihrig & Adam Bretz"
});
update a book record
UPDATE book
SET price = 19.99
WHERE ISBN = '9780992461256'	db.book.update(
  { ISBN: '9780992461256' },
  { $set: { price: 19.99 } }
);
return all book titles over $10
SELECT title FROM book
WHERE price > 10;	db.book.find(
  { price: { &gt;: 10 } },
  { _id: 0, title: 1 }
);
The second JSON object is known as a projection: it sets which fields are returned (_id is returned by default so it needs to be unset).
count the number of SitePoint books
SELECT COUNT(1) FROM book
WHERE publisher_id = 'SP001';	db.book.count({
  "publisher.name": "SitePoint"
});
This presumes denormalized documents are used.
return the number of book format types
SELECT format, COUNT(1) AS `total`
FROM book
GROUP BY format;	db.book.aggregate([
  { $group:
    { 
      _id: "$format", 
      total: { $sum: 1 } 
    }
  }
]);
This is known as aggregation: a new set of documents is computed from an original set.
delete all SitePoint books
DELETE FROM book
WHERE publisher_id = 'SP001';
Alternatively, itâ€™s possible to delete the publisher record and have this cascade to associated book records if foreign keys are specified appropriately.	db.book.remove({
  "publisher.name": "SitePoint"
});
SQL vs NoSQL Performance
Perhaps the most controversial comparison, NoSQL is regularly quoted as being faster than SQL. This isnâ€™t surprising; NoSQLâ€™s simpler denormalized store allows you to retrieve all information about a specific item in a single request. Thereâ€™s no need for related JOINs or complex SQL queries.
That said, your project design and data requirements will have most impact. A well-designed SQL database will almost certainly perform better than a badly designed NoSQL equivalent and vice versa.
Normalization in DBMS: 1NF, 2NF, 3NF and BCNF in Database
Normalization is a process of organizing the data in database to avoid data redundancy, insertion anomaly, update anomaly & deletion anomaly. Letâ€™s discuss about anomalies first then we will discuss normal forms with examples.
Anomalies in DBMS
There are three types of anomalies that occur when the database is not normalized. These are â€“ Insertion, update and deletion anomaly. Letâ€™s take an example to understand this.
Example: Suppose a manufacturing company stores the employee details in a table named employee that has four attributes: emp_id for storing employeeâ€™s id, emp_name for storing employeeâ€™s name, emp_address for storing employeeâ€™s address and emp_dept for storing the department details in which the employee works. At some point of time the table looks like this:
emp_id	emp_name	emp_address	emp_dept
101	Rick	Delhi	D001
101	Rick	Delhi	D002
123	Maggie	Agra	D890
166	Glenn	Chennai	D900
166	Glenn	Chennai	D004
The above table is not normalized. We will see the problems that we face when a table is not normalized.
Update anomaly: In the above table we have two rows for employee Rick as he belongs to two departments of the company. If we want to update the address of Rick then we have to update the same in two rows or the data will become inconsistent. If somehow, the correct address gets updated in one department but not in other then as per the database, Rick would be having two different addresses, which is not correct and would lead to inconsistent data.
Insert anomaly: Suppose a new employee joins the company, who is under training and currently not assigned to any department then we would not be able to insert the data into the table if emp_dept field doesnâ€™t allow nulls.
Delete anomaly: Suppose, if at a point of time the company closes the department D890 then deleting the rows that are having emp_dept as D890 would also delete the information of employee Maggie since she is assigned only to this department.
To overcome these anomalies we need to normalize the data. In the next section we will discuss about normalization.
Normalization
Here are the most commonly used normal forms:
â€¢	First normal form(1NF)
â€¢	Second normal form(2NF)
â€¢	Third normal form(3NF)
â€¢	Boyce & Codd normal form (BCNF)
First normal form (1NF)
As per the rule of first normal form, an attribute (column) of a table cannot hold multiple values. It should hold only atomic values.
Example: Suppose a company wants to store the names and contact details of its employees. It creates a table that looks like this:
emp_id	emp_name	emp_address	emp_mobile
101	Herschel	New Delhi	8912312390
102	Jon	Kanpur	8812121212
9900012222
103	Ron	Chennai	7778881212
104	Lester	Bangalore	9990000123
8123450987
Two employees (Jon & Lester) are having two mobile numbers so the company stored them in the same field as you can see in the table above.
This table is not in 1NF as the rule says â€œeach attribute of a table must have atomic (single) valuesâ€, the emp_mobile values for employees Jon & Lester violates that rule.
To make the table complies with 1NF we should have the data like this:
emp_id	emp_name	emp_address	emp_mobile
101	Herschel	New Delhi	8912312390
102	Jon	Kanpur	8812121212
102	Jon	Kanpur	9900012222
103	Ron	Chennai	7778881212
104	Lester	Bangalore	9990000123
104	Lester	Bangalore	8123450987
Second normal form (2NF)
A table is said to be in 2NF if both the following conditions hold:
â€¢	Table is in 1NF (First normal form)
â€¢	No non-prime attribute is dependent on the proper subset of any candidate key of table.
An attribute that is not part of any candidate key is known as non-prime attribute.
Example: Suppose a school wants to store the data of teachers and the subjects they teach. They create a table that looks like this: Since a teacher can teach more than one subjects, the table can have multiple rows for a same teacher.
teacher_id	subject	teacher_age
111	Maths	38
111	Physics	38
222	Biology	38
333	Physics	40
333	Chemistry	40
Candidate Keys: {teacher_id, subject}
Non prime attribute: teacher_age
The table is in 1 NF because each attribute has atomic values. However, it is not in 2NF because non prime attribute teacher_age is dependent on teacher_id alone which is a proper subset of candidate key. This violates the rule for 2NF as the rule says â€œno non-prime attribute is dependent on the proper subset of any candidate key of the tableâ€.
To make the table complies with 2NF we can break it in two tables like this:
teacher_details table:
teacher_id	teacher_age
111	38
222	38
333	40
teacher_subject table:
teacher_id	subject
111	Maths
111	Physics
222	Biology
333	Physics
333	Chemistry
Now the tables comply with Second normal form (2NF).
Third Normal form (3NF)
A table design is said to be in 3NF if both the following conditions hold:
â€¢	Table must be in 2NF
â€¢	Transitive functional dependency of non-prime attribute on any super key should be removed.
An attribute that is not part of any candidate key is known as non-prime attribute.
In other words 3NF can be explained like this: A table is in 3NF if it is in 2NF and for each functional dependency X-> Y at least one of the following conditions hold:
â€¢	X is a super key of table
â€¢	Y is a prime attribute of table
An attribute that is a part of one of the candidate keys is known as prime attribute.
Example: Suppose a company wants to store the complete address of each employee, they create a table named employee_details that looks like this:
emp_id	emp_name	emp_zip	emp_state	emp_city	emp_district
1001	John	282005	UP	Agra	Dayal Bagh
1002	Ajeet	222008	TN	Chennai	M-City
1006	Lora	282007	TN	Chennai	Urrapakkam
1101	Lilly	292008	UK	Pauri	Bhagwan
1201	Steve	222999	MP	Gwalior	Ratan
 
Super keys: {emp_id}, {emp_id, emp_name}, {emp_id, emp_name, emp_zip}â€¦so on
Candidate Keys: {emp_id}
Non-prime attributes: all attributes except emp_id are non-prime as they are not part of any candidate keys.
Here, emp_state, emp_city & emp_district dependent on emp_zip. And, emp_zip is dependent on emp_id that makes non-prime attributes (emp_state, emp_city & emp_district) transitively dependent on super key (emp_id). This violates the rule of 3NF.
To make this table complies with 3NF we have to break the table into two tables to remove the transitive dependency:
employee table:
emp_id	emp_name	emp_zip
1001	John	282005
1002	Ajeet	222008
1006	Lora	282007
1101	Lilly	292008
1201	Steve	222999
employee_zip table:
emp_zip	emp_state	emp_city	emp_district
282005	UP	Agra	Dayal Bagh
222008	TN	Chennai	M-City
282007	TN	Chennai	Urrapakkam
292008	UK	Pauri	Bhagwan
222999	MP	Gwalior	Ratan
Boyce Codd normal form (BCNF)
It is an advance version of 3NF thatâ€™s why it is also referred as 3.5NF. BCNF is stricter than 3NF. A table complies with BCNF if it is in 3NF and for every functional dependency X->Y, X should be the super key of the table.
Example: Suppose there is a company wherein employees work in more than one department. They store the data like this:
emp_id	emp_nationality	emp_dept	dept_type	dept_no_of_emp
1001	Austrian	Production and planning	D001	200
1001	Austrian	Stores	D001	250
1002	American	design and technical support	D134	100
1002	American	Purchasing department	D134	600
Functional dependencies in the table above:
emp_id -> emp_nationality
emp_dept -> {dept_type, dept_no_of_emp}
Candidate key: {emp_id, emp_dept}
The table is not in BCNF as neither emp_id nor emp_dept alone are keys.
To make the table comply with BCNF we can break the table in three tables like this:
emp_nationality table:
emp_id	emp_nationality
1001	Austrian
1002	American
emp_dept table:
emp_dept	dept_type	dept_no_of_emp
Production and planning	D001	200
Stores	D001	250
design and technical support	D134	100
Purchasing department	D134	600
emp_dept_mapping table:
emp_id	emp_dept
1001	Production and planning
1001	stores
1002	design and technical support
1002	Purchasing department
Functional dependencies:
emp_id -> emp_nationality
emp_dept -> {dept_type, dept_no_of_emp}
Candidate keys:
For first table: emp_id
For second table: emp_dept
For third table: {emp_id, emp_dept}
This is now in BCNF as in both the functional dependencies left side part is a key.
Note that Iâ€™ve written ETL tool in python. It Extracts data from production Oracle database, Transforms it to SQL queries and Loads or imports it to MySQL database.
What does ETL tool do?
ETL is short for extract, transform, load, three database functions that are combined into one tool to pull data out of one database and place it into another database. Extract is the process of reading data from a database. The process of extracting data from source systems and bringing it into the data warehouse is commonly called ETL, which stands for extraction, transformation, and loading.
What is Informatica Tool?

Informatica is a data integration/ETL tool. It gathers data from various sources and loads it into distinctive targets. It just moves data from one place to another, but does not store anything.
What is ETL why is it used in Oracle?
Oracle Data Integrator (ODI) is an Extract, load and transform (ELT) (in contrast with the ETL common approach) tool produced by Oracle that offers a graphical environment to build, manage and maintain data integration processes in business intelligence systems.
What is meant by SQL Developer?
A free graphical user interface, Oracle SQL Developer allows database users and administrators to do their database tasks in fewer clicks and keystrokes. A productivity tool, SQL Developer's main objective is to help the end user save time and maximize the return on investment in the Oracle Database technology stack.

Providers of ETL Tools
Following is a list of the most popular commercial and freeware (open-source) ETL tools. 
Comercial ETL tools:
â€¢	Ab Initio
â€¢	Adeptia ETL
â€¢	Alooma
â€¢	Business Objects Data Services
â€¢	Business Objects Data Integrator (BODI)
â€¢	Confluent
â€¢	DBSoftLab
â€¢	Informatica PowerCenter
â€¢	Information Server
â€¢	Integration Services
â€¢	iWay Software
â€¢	Oracle Data Integrator (ODI)
â€¢	Oracle Warehouse Builder (OWB)
â€¢	Pervasive ETL
â€¢	SAS ETL
â€¢	Sybase ETL
Freeware, open source ETL tools:
â€¢	Apach NiFi
â€¢	Clover ETL
â€¢	Jasper
â€¢	Pentaho Data Integration (Kettle)
â€¢	Talend Integrator Suite
 
Refer ETL_tool_MaSSEETL.pdf for sample UI interface of one of the ETL tool MaSSEETL.
Just for reference: https://docs.oracle.com/cd/E41507_01/epm91pbr3/eng/epm/penw/EPM_Routine_Details.pdf
ETL Routines
This table provides answers to questions about ETL routines.
Question	Answer
How are routines used?	Routines are used to make DataStage job code reusable. Routines are used in various parts of the job design. 95 routines are delivered as part of EPM ETL. These are present in a category called 'EPM_Routines'.
Where can one find the details for all the EPM Routines?	
me Category Short Description
GetSourceRowCount EPM_Routines\DeleteStrategy Gets the Source Row Count for the given Job.
RtnBuildSourceQuery EPM_Routines\DeleteStrategy Build Source Query Dynamically.
RtnConvertEPMStd EPM_Routines\DeleteStrategy Convert the Source Value to EPM Standards
RtnDeleteHashedRecords EPM_Routines\DeleteStrategy Delete a Record from the given Hashed File
RtnGetDelFlag EPM_Routines\DeleteStrategy This Routine is used to retrive the Delete Flag
RtnGetJobStartDTTM EPM_Routines\DeleteStrategy This Routine is used to retrive the Job Start Datetime
RtnStoreJobStartDTTM EPM_Routines\DeleteStrategy
Stores the Job Start DateTimeStamp to the Hashed File -
HASH_JOBSTARTDTTM
SBRtnWriteDelFlag EPM_Routines\DeleteStrategy Subroutine to Store the Delete Flag
AddToDate EPM_Routines\Generic
Adds the specified amount to the date. The field to which this amount
is to be added is specified by the format argument.
ClearHashFile EPM_Routines\Generic Clear the Hash File
ClearJobLog EPM_Routines\Generic Clear Job Log:- This utility will clear the log file of a job
DateDiff EPM_Routines\Generic Gives the number of days between two dates
DateDiffinMin EPM_Routines\Generic Gives the total time in minutes between the two dates
DateNotNullable EPM_Routines\Generic Returns Not Nullable Dates
DateToDateSIDDefault EPM_Routines\Generic Convert Date To Date Sid
ForceAbort EPM_Routines\Generic Logs a fatal error message in a job's log file and aborts the job.
ForceWarn EPM_Routines\Generic Logs a warning message in a job's log file.
GetAdmFunnel EPM_Routines\Generic
This routine is used to Generate an SQL Where clause for
J_Fact_PS_X_ADM_FUNNEL1 and J_Fact_PS_X_ADM_FUNNEL2
server jobs based on supplied Institution,Academic Career and Adit
Term .
GetBURole EPM_Routines\Generic Fetches the BU_ROLE corresponding to a specific table name
GetCharDefault EPM_Routines\Generic Gets Character type default value for Jobs.
GetCurrentDate EPM_Routines\Generic Get the current date
GetCurrentDateTime EPM_Routines\Generic Returns the current Date and Time.
GetDateDefault EPM_Routines\Generic Gets date type default value for Jobs.
GetDateSIDDefault EPM_Routines\Generic Returns Default DATE SID Value
GetEwSrcSysId EPM_Routines\Generic Gets the SRC_SYS_ID from HASH_PS_EW_OPTIONS hash file
GetFactMaxRecordSID EPM_Routines\Generic Gets the Last update time for the given Job.Used for Integer datatype.
GetFinalDateMonth EPM_Routines\Generic
Gets the last Date of the month (only the Date Part) of the given input
date column.
GetFinalDateofPreviousMonth EPM_Routines\Generic
Gets the Last Date of the Previous Month for a given Job (unless it
itself is the last date)
GetFirstDateMonth EPM_Routines\Generic Gets the First Date of the Month of the given input date column.
GetJobReport EPM_Routines\Generic This routine will generate the Job report for a given job
GetLastRecordID EPM_Routines\Generic
The routine is used to retrieve the MaxRecordID stored in a UniVerse
SbrtnDeleteVOC EPM_Routines\Generic Subroutine for deleting a VOC Entry
SbrtnSetVOC EPM_Routines\Generic Subroutine for Setting the VOC entry
TimeDiffSeconds EPM_Routines\Generic Compute the Time Difference in seconds between 2 timestamps.
ToChar EPM_Routines\Generic Converts a Date/Time data type to a string with the format specified.
ToCharn EPM_Routines\Generic Convert the number in string format to number
ToDate EPM_Routines\Generic Convert the format given to Date
ToInteger EPM_Routines\Generic Converts the input value to integer type.
ValidateHashLookup EPM_Routines\Generic
Validates the Hashed File whether it is having default values or valid
data
ValidateOWELkp EPM_Routines\Generic
This routine will identify whether the input values are valid values or the
default values
MCCBuildDateSQL EPM_Routines\MDW_Currency_Conversion
Build SQL to get required date value for a given date granularity record
name, DATE_DIM_REC.
MCCBuildSQL EPM_Routines\MDW_Currency_Conversion Build SQL for Currency Conversion
MCCE1RateCalc EPM_Routines\MDW_Currency_Conversion Currency Conversion Logic Using E1 Rate Table.
GenerateInputRH EPM_Routines\Trees_RecursiveHierarchy Code to write into a temp sequential file for RH
GetESourceNodeDescrLngSql EPM_Routines\Trees_RecursiveHierarchy Frame the SQL to get the Node Language Description(ESource Trees)
GetESourceNodeDescrSql EPM_Routines\Trees_RecursiveHierarchy Frame the SQL to get the Node Description(ESource Trees)
GetFlattenerEffdtClause EPM_Routines\Trees_RecursiveHierarchy Frame the Effdt subquery for the Flattener source DRS(EPM Trees).
GetNodeDescr EPM_Routines\Trees_RecursiveHierarchy Get the Node Descr for a given level
GetNodeDescrLng EPM_Routines\Trees_RecursiveHierarchy Get the Language Descr for a given level
GetNodeDescrLngSql EPM_Routines\Trees_RecursiveHierarchy Frame the SQL to get the Node language Description(EPM Trees).
GetNodeDescrSql EPM_Routines\Trees_RecursiveHierarchy Frame the SQL to get the Node Description(EPM Trees).
GetNodeID EPM_Routines\Trees_RecursiveHierarchy Get the Node ID for a given level.
GetParentInfo EPM_Routines\Trees_RecursiveHierarchy Get the Entity Information.
GetRecordNameDescr EPM_Routines\Trees_RecursiveHierarchy Get the Record Description
GetRhDnomParams EPM_Routines\Trees_RecursiveHierarchy Params for Recursive Hierarchy Denormalization
GetRhFlatParams EPM_Routines\Trees_RecursiveHierarchy Parameters for Recursive Hierarchy Flatenning
GetRHJobName EPM_Routines\Trees_RecursiveHierarchy Gets the Recursive Hierarchy Job Name to process.
GetStageRecname EPM_Routines\Trees_RecursiveHierarchy Gets the OWS record name for a given SRC record name
GetTreeDnomParams EPM_Routines\Trees_RecursiveHierarchy Parameters for Tree Denormalization
GetTreeFlatParams EPM_Routines\Trees_RecursiveHierarchy Parameters for Tree Flatenning
GetTreeFlatParamsLang EPM_Routines\Trees_RecursiveHierarchy Parameters for Tree Language jobs.
GetTreeJobName EPM_Routines\Trees_RecursiveHierarchy Gets the Tree Job Name to process.
GetTreeType EPM_Routines\Trees_RecursiveHierarchy Gets the Tree Type
InsertUVTable EPM_Routines\Trees_RecursiveHierarchy Insert Entity Information into UV Table.
